{
  "0": {
    "xyz": [
      0.0,
      0.0,
      0.0
    ],
    "quaternion": [
      0.0,
      0.0,
      0.0,
      1.0
    ]
  },
  "2": {
    "xyz": [
      -0.00686438186056007,
      0.04562095037231484,
      0.016357325103697994
    ],
    "quaternion": [
      0.007184268299431586,
      0.004875993801849641,
      -0.01339277277448817,
      0.9998726141918565
    ]
  },
  "3": {
    "xyz": [
      -0.008416847328641685,
      -0.04880261831991339,
      0.021837094739817965
    ],
    "quaternion": [
      -0.02084114243001053,
      0.004176103139965975,
      0.017362398973903112,
      0.9996233060741668
    ]
  }
}