{
  "0": {
    "xyz": [
      -0.03259316612393453,
      -0.011206302038009996,
      0.009590607587293645
    ],
    "quaternion": [
      -0.013861910633008966,
      0.0021148362103232342,
      0.0012543217055232326,
      0.999900895878419
    ]
  },
  "1": {
    "xyz": [
      0.0049767647578557485,
      -0.05331152448397433,
      -0.016562561199444055
    ],
    "quaternion": [
      -0.01359932113015424,
      -0.003571305237126571,
      0.025458003478819467,
      0.9995770076900402
    ]
  },
  "2": {
    "xyz": [
      0.0,
      0.0,
      0.0
    ],
    "quaternion": [
      0.0,
      0.0,
      0.0,
      1.0
    ]
  },
  "3": {
    "xyz": [
      0.024178304853860022,
      -0.05612746681678221,
      0.010495036749208798
    ],
    "quaternion": [
      -0.028070439329841154,
      0.002401053907987015,
      -0.0034173830052427563,
      0.9995972223197482
    ]
  }
}