{
  "0": {
    "xyz": [
      0.0068649080582785125,
      -0.05202721655288049,
      -0.01690194550910828
    ],
    "quaternion": [
      -0.011195698686216499,
      -0.004162797262573326,
      0.025150524234575266,
      0.9996123141401391
    ]
  },
  "2": {
    "xyz": [
      0.0,
      0.0,
      0.0
    ],
    "quaternion": [
      0.0,
      0.0,
      0.0,
      1.0
    ]
  },
  "3": {
    "xyz": [
      0.025166166871492014,
      -0.07410626985266902,
      0.009563712126789926
    ],
    "quaternion": [
      -0.027491653471624737,
      0.0018041346381931563,
      0.013129488429818417,
      0.9995341768149674
    ]
  }
}