{
  "0": {
    "xyz": [
      -0.0004564378843579229,
      -0.00038052568218375094,
      0.018908828545124566
    ],
    "quaternion": [
      0.0135822077366827,
      0.010758294335742685,
      0.0015907499206380456,
      0.9998486146665769
    ]
  },
  "1": {
    "xyz": [
      0.0,
      0.0,
      0.0
    ],
    "quaternion": [
      0.0,
      0.0,
      0.0,
      1.0
    ]
  },
  "2": {
    "xyz": [
      -0.0013548730132950135,
      0.0027816304816170884,
      -0.0004513987744852499
    ],
    "quaternion": [
      -0.010456189782732918,
      0.00741699765293915,
      -0.0005920019578498111,
      0.9999176494965601
    ]
  },
  "3": {
    "xyz": [
      0.002656382644590292,
      0.012558264937236501,
      0.010852735031209515
    ],
    "quaternion": [
      -0.005914474326203393,
      0.015293898700110302,
      -0.011584246359990544,
      0.9997984401329432
    ]
  }
}