{
  "0": {
    "xyz": [
      0.017254993065435965,
      -0.033853939188583614,
      -0.033866268710357965
    ],
    "quaternion": [
      -0.03557336363712555,
      -0.008411786329458007,
      0.0014441326687420445,
      0.9993306220321299
    ]
  },
  "1": {
    "xyz": [
      0.0,
      0.0,
      0.0
    ],
    "quaternion": [
      0.0,
      0.0,
      0.0,
      1.0
    ]
  },
  "2": {
    "xyz": [
      0.009223720472816336,
      0.002139439059483757,
      -0.023638123052618937
    ],
    "quaternion": [
      -0.019812306837184997,
      -0.00715496828148973,
      0.011977237238511653,
      0.9997063692478969
    ]
  },
  "3": {
    "xyz": [
      0.01838208883775701,
      -0.007241995529102985,
      -0.004329206110728292
    ],
    "quaternion": [
      -0.018716524772026517,
      0.004612996265029538,
      0.011479011915542126,
      0.9997482904468302
    ]
  }
}