{
  "0": {
    "xyz": [
      0.01275646943875863,
      -0.03983006189964561,
      -0.03308546157300065
    ],
    "quaternion": [
      -0.035589925097925884,
      -0.00795418169944754,
      0.008015864587297104,
      0.9993026739381489
    ]
  },
  "1": {
    "xyz": [
      0.007723786490081676,
      -0.0005961119126640323,
      -0.02336898329917858
    ],
    "quaternion": [
      -0.02090350821283791,
      -0.0063309887958678136,
      0.013305543988204705,
      0.9996729087178667
    ]
  },
  "2": {
    "xyz": [
      0.0,
      0.0,
      0.0
    ],
    "quaternion": [
      0.0,
      0.0,
      0.0,
      1.0
    ]
  },
  "3": {
    "xyz": [
      0.018529820128473724,
      -0.0073470061888645695,
      -0.0038433732392259895
    ],
    "quaternion": [
      -0.0188007491900956,
      0.0044522644375992425,
      0.010926570170182866,
      0.9997536292685238
    ]
  }
}