{
  "0": {
    "xyz": [
      0.0006413131263591493,
      0.0033786077673884276,
      0.017277548706552858
    ],
    "quaternion": [
      0.004358339729923006,
      0.012214575466875639,
      -0.002957657990246908,
      0.9999115267263275
    ]
  },
  "1": {
    "xyz": [
      0.0,
      0.0,
      0.0
    ],
    "quaternion": [
      0.0,
      0.0,
      0.0,
      1.0
    ]
  },
  "2": {
    "xyz": [
      -0.006292171462011248,
      -0.009342974071262552,
      0.00012710714459705362
    ],
    "quaternion": [
      -0.015195002061428034,
      0.010286993295098213,
      0.005469706525122147,
      0.9998166691908216
    ]
  },
  "3": {
    "xyz": [
      -0.0010233681419503345,
      -0.0019258674748958721,
      0.02168852364405158
    ],
    "quaternion": [
      -0.00935389586325692,
      0.024924175620752963,
      -0.0035954085267326254,
      0.9996391164511977
    ]
  }
}